{
    "cacheKey": "0_0",
    "currentPage": 0,
    "data": [
        [],
        [
            {
                "conDate": 2400940800000,
                "conForm": "1",
                "conForm_CN": "货币",
                "invId": "51691970",
                "lastModifiedTime": null,
                "subConAm": 1122,
                "subId": "52529578"
            }
        ]
    ],
    "draw": 1,
    "error": "",
    "perPage": 0,
    "recordsFiltered": 0,
    "recordsTotal": null,
    "start": 0,
    "totalPage": 0
}