[
    {
        "cacheKey": "0_16",
        "currentPage": 0,
        "data": [
            {
                "name": "<span class=\"dp\">5ZK45omN5Yab</span>咸<span class=\"dp\">5ZK45omN5Yab</span>才军",
                "perId": "51560018N",
                "position_CN": "执行董事",
                "pripId": "130605000022016092800195"
            },
            {
                "name": "<div class=\"dp\">5oi05oGS</div><div class=\"dp\">5oi05oGS</div>戴恒",
                "perId": "51559996N",
                "position_CN": "总经理",
                "pripId": "130605000022016092800195"
            },
            {
                "name": "<span class=\"dp\">6b2Q5b2s</span><span class=\"dp\">6b2Q5b2s</span>齐彬",
                "perId": "51559997N",
                "position_CN": "监事",
                "pripId": "130605000022016092800195"
            }
        ],
        "draw": 1,
        "error": "",
        "perPage": 16,
        "recordsFiltered": 3,
        "recordsTotal": 3,
        "start": 0,
        "totalPage": 1
    }
]